﻿<?xml version="1.0" encoding="utf-8"?>
<bibliography>
  <reference name="A state-of-the-art Diffie-Hellman function">
    <title>A state-of-the-art Diffie-Hellman function</title>
    <author>Daniel J Bernstein</author>
    <link>http://cr.yp.to/ecdh.html</link>
  </reference>
  <reference name="Blake">
    <title>SHA-3 proposal BLAKE</title>
    <author>Jean-Philippe Aumasson, Luca Henzen, Willi Meier, and Raphael C.W. Phan</author>
    <link>https://131002.net/blake/blake.pdf</link>
  </reference>
  <reference name="Blum-Blum-Shub">
    <title>Cryptographic Secure Pseudo-Random Bits Generation : The Blum-Blum-Shub Generator</title>
    <author>Pascal Junod</author>
    <link>http://crypto.junod.info/bbs.pdf</link>
  </reference>
  <reference name="ChaCha">
    <title>ChaCha, a variant of Salsa20</title>
    <author>Daniel J. Bernstein</author>
    <link>http://cr.yp.to/chacha/chacha-20080128.pdf</link>
  </reference>
  <reference name="EESS">
    <title>EESS #1: Implementation Aspects of NTRUEncrypt and NTRUSign</title>
    <author>Consortium for Efficient Embedded Security</author>
    <link>http://grouper.ieee.org/groups/1363/lattPK/submissions/EESS1v2.pdf</link>
  </reference>
  <reference name="Eine verstandliche Beschreibung des Schonhage-Strassen-Algorithmus">
    <title>Eine verstandliche Beschreibung des Schonhage-Strassen-Algorithmus</title>
    <author>Malte Leip</author>
    <link>http://malte-leip.net/beschreibung_ssa.pdf</link>
  </reference>
  <reference name="Fips 140-2">
    <title>Security Requirements for Cryptographic Modules</title>
    <author>National Institute of Standards and Technology (NIST)</author>
    <link>http://csrc.nist.gov/publications/fips/fips140-2/fips1402.pdf</link>
  </reference>
  <reference name="Fips 180-4">
    <title>Secure Hash Standard (SHS)</title>
    <author>National Institute of Standards and Technology (NIST)</author>
    <link>http://csrc.nist.gov/publications/fips/fips180-4/fips-180-4.pdf</link>
  </reference>
  <reference name="Fips 197">
    <title>Advanced Encryption Standard (AES)</title>
    <author>National Institute of Standards and Technology (NIST)</author>
    <link>http://csrc.nist.gov/publications/fips/fips197/fips-197.pdf</link>
  </reference>
  <reference name="Fips 198-1">
    <title>The Keyed-Hash Message Authentication Code (HMAC)</title>
    <author>National Institute of Standards and Technology (NIST)</author>
    <link>http://csrc.nist.gov/archive/aes/rijndael/Rijndael-ammended.pdf</link>
  </reference>

  <reference name="Merkle Signatures">
    <title>Merkle Signatures with Virtually Unlimited Signature Capacity</title>
    <author>Johannes Buchmann, Erik Dahmen, Elena Klintsevich, Katsuyuki Okeya, and Camille Vuillaume</author>
    <link>https://www.cdc.informatik.tu-darmstadt.de/reports/reports/BDKOV07.pdf</link>
  </reference>

  <reference name="Handbook of Applied Cryptography">
    <title>Handbook of Applied Cryptography</title>
    <author>Alfred J. Menezes, Paul C. van Oorschot and Scott A. Vanstone</author>
    <link>http://cacr.uwaterloo.ca/hac/</link>
  </reference>
  <reference name="Implementation Aspects of NTRUEncrypt and NTRUSign">
    <title>Implementation Aspects of NTRUEncrypt and NTRUSign</title>
    <author>William Whyte</author>
    <link>http://grouper.ieee.org/groups/1363/lattPK/submissions/EESS1v2.pdf</link>
  </reference>

  <reference name="ISO 7816">
    <title>Identification cards -Integrated circuit cards -Part 4: Organization, security and commands for interchange</title>
    <author>ISO</author>
    <link>http://www.iso.org/iso/home/store/catalogue_tc/catalogue_detail.htm?csnumber=36134</link>
  </reference>
  <reference name="ISO 18033">
    <title>Information technology - Security techniques - Encryption algorithms - Part 2</title>
    <author>Victor Shoup</author>
    <link>http://www.shoup.net/iso/std6.pdf</link>
  </reference>
  <reference name="Keccak">
    <title>The Keccak SHA-3 submission</title>
    <author>Guido Bertoni, Joan Daemen, Michaël Peeters, and Gilles Van Assche</author>
    <link>http://keccak.noekeon.org/Keccak-submission-3.pdf</link>
  </reference>

  <reference name="McEliece Resists Quantum Fourier Sampling Attacks">
    <title>The McEliece Cryptosystem Resists Quantum Fourier Sampling Attacks</title>
    <author>Hang Dinh, Cristopher Moore, and Alexander Russell</author>
    <link>http://arxiv.org/pdf/1008.2390v1.pdf</link>
  </reference>
  <reference name="McEliece Attacking and defending McEliece">
    <title>Attacking and defending the McEliece cryptosystem</title>
    <author>Daniel J. Bernstein, Tanja Lange, and Christiane Peters</author>
    <link>http://eprint.iacr.org/2008/318.pdf</link>
  </reference>
  <reference name="McEliece vs Grover">
    <title>Grover vs. McEliece</title>
    <author>Daniel J. Bernstein</author>
    <link>http://cr.yp.to/codes/grovercode-20091123.pdf</link>
  </reference>
  <reference name="McEliece CCA2">
    <title>A CCA2 Secure Variant of the McEliece Cryptosystem</title>
    <author>Edoardo Persichetti</author>
    <link>http://eprint.iacr.org/2012/268.pdf</link>
  </reference>
  <reference name="McEliece CCA2 Secure">
    <title>On a CCA2-secure variant of McEliece in the standard model</title>
    <author>Nico Dottling, Rafael Dowsley, Jorn Muller-Quade and Anderson C.A. Nascimento</author>
    <link>http://cseweb.ucsd.edu/~rdowsley/pdf/DDMN12.pdf</link>
  </reference>
  <reference name="McEliece CCA2 Knapsack">
    <title>New Approach for CCA2-Secure Post-Quantum Cryptosystem Using Knapsack Problem</title>
    <author>Roohallah Rastaghi</author>
    <link>http://arxiv.org/vc/arxiv/papers/1211/1211.6984v4.pdf</link>
  </reference>
  <reference name="McEliece OAEP Reconsidered">
    <title>OAEP Reconsidered</title>
    <author>Victor Shoup</author>
    <link>http://eprint.iacr.org/2000/060.pdf</link>
  </reference>
  <reference name="McEliece McBits">
    <title>McBits: fast constant-time code-based cryptography</title>
    <author>Daniel J. Bernstein, Tung Chou, and Peter Schwabe</author>
    <link>http://binary.cr.yp.to/mcbits-20130616.pdf</link>
  </reference>
  <reference name="McEliece Parameters">
    <title>Selecting Parameters for Secure McEliece-based Cryptosystems</title>
    <author>Robert Niebuhr, Mohammed Meziani, Stanislav Bulygin, and Johannes Buchmann</author>
    <link>https://eprint.iacr.org/2010/271.pdf</link>
  </reference>
  <reference name="McEliece Handbook of Applied Cryptography">
    <title>Handbook of Applied Cryptography, Chapter 8</title>
    <author>Alfred J. Menezes, Paul C. van Oorschot, and Scott A. Vanstone</author>
    <link>http://cacr.uwaterloo.ca/hac/about/chap8.pdf</link>
  </reference>
  <reference name="McEliece Weak keys">
    <title>Weak keys in the McEliece public-key cryptosystem</title>
    <author>Pierre Loidreau and Nicolas Sendrier</author>
    <link>http://perso.univ-rennes1.fr/pierre.loidreau/articles/ieee-it/Cles_Faibles.pdf</link>
  </reference>
  <reference name="NIST IR7896">
    <title>Third-Round Report of the SHA-3 Cryptographic Hash Algorithm Competition</title>
    <author>National Institute of Standards and Technology (NIST)</author>
    <link>http://nvlpubs.nist.gov/nistpubs/ir/2012/NIST.IR.7896.pdf</link>
  </reference>

  <reference name="NTRU Adaptive">
    <title>Adaptive Key Recovery Attacks on NTRU-based Somewhat Homomorphic Encryption Schemes"</title>
    <author>Ricardo Dahab1, Steven Galbraith, and Eduardo Morais</author>
    <link>https://eprint.iacr.org/2015/127.pdf</link>
  </reference>
  <reference name="NTRU Crypto">
    <title>NTRU: A Ring Based Public Key Crypto System</title>
    <author>Jeffrey Hoffstein, Jill Pipher, and Joseph H. Silverman</author>
    <link>https://www.securityinnovation.com/uploads/Crypto/ANTS97.pdf</link>
  </reference>
  <reference name="NTRU Optimizations">
    <title>Optimizations for NTRU</title>
    <author>Jeffrey Hoffstein, and Joseph H. Silverman</author>
    <link>https://www.securityinnovation.com/uploads/Crypto/TECH_ARTICLE_OPT.pdf</link>
  </reference>
  <reference name="NTRU Practical">
    <title>Practical lattice-based cryptography: NTRUEncrypt and NTRUSign</title>
    <author>Jeff Hoffstein, Nick Howgrave-Graham, Jill Pipher, and William Whyte</author>
    <link>https://www.securityinnovation.com/uploads/Crypto/lll25.pdf</link>
  </reference>
  <reference name="NTRU Params">
    <title>Choosing NTRUEncrypt Parameters in Light of Combined Lattice Reduction and MITM Approaches</title>
    <author>P. Hirschhorn, J. Hoffstein, N. Howgrave-Graham, W. Whyte</author>
    <link>https://www.securityinnovation.com/uploads/Crypto/params.pdf</link>
  </reference>
  <reference name="NTRU Simplified">
    <title>The NTRU Cryptosystem: Implementation and Comparative Analysis</title>
    <author>Rodney D'Souza</author>
    <link>http://teal.gmu.edu/courses/ECE543/project/reports_2001/dsouza.pdf</link>
  </reference>
  <reference name="NTRU Technical">
    <title>NTRU Cryptosystems Technical Report</title>
    <author>Jeffrey Hoffstein andJoseph H. Silverman</author>
    <link>https://www.securityinnovation.com/uploads/Crypto/NTRUTech016.pdf</link>
  </reference>

  <reference name="Quantum Resistant Public Key Cryptography: A Survey">
    <title>Quantum Resistant Public Key Cryptography: A Survey</title>
    <author>Ray A. Perlner and David A. Cooper</author>
    <link>http://www.nist.gov/customcf/get_pdf.cfm?pub_id=901595</link>
  </reference>
  <reference name="Rainbow Parameters">
    <title>Selecting Parameters for the Rainbow Signature Scheme</title>
    <author>Albrecht Petzoldt, Stanislav Bulygin, and Johannes Buchmann</author>
    <link>http://eprint.iacr.org/2010/437.pdf</link>
  </reference>
  <reference name="RFC 2104">
    <title>HMAC: Keyed-Hashing for Message Authentication</title>
    <author>H. Krawczyk, M. Bellare, and R. Canetti</author>
    <link>http://tools.ietf.org/html/rfc2104</link>
  </reference>
  <reference name="RFC 2898">
    <title>Password-Based Cryptography Specification Version 2</title>
    <author>B. Kaliski, RSA Laboratories</author>
    <link>http://tools.ietf.org/html/rfc2898</link>
  </reference>
  <reference name="RFC 4086">
    <title>Randomness Requirements for Security</title>
    <author>D. Eastlake, J. Schiller, and S. Crocker</author>
    <link>http://www.ietf.org/rfc/rfc4086.txt</link>
  </reference>
  <reference name="RFC 4493">
    <title>The AES-CMAC Algorithm</title>
    <author>JH. Song, R. Poovendran, J. Lee, and T. Iwata</author>
    <link>http://tools.ietf.org/html/rfc4493</link>
  </reference>
  <reference name="RFC 4494">
    <title>The AES-CMAC-96 Algorithm and Its Use with IPsec</title>
    <author>JH. Song, R. Poovendran, and J. Lee</author>
    <link>http://tools.ietf.org/html/rfc4494</link>
  </reference>
  <reference name="RFC 4615">
    <title>The Advanced Encryption Standard for the Internet Key Exchange Protocol (IKE)</title>
    <author>JH. Song, R. Poovendran, J. Lee, and T. Iwata</author>
    <link>http://tools.ietf.org/html/rfc4615</link>
  </reference>
  <reference name="RFC 5652">
    <title>Cryptographic Message Syntax (CMS)</title>
    <author>R. Housley</author>
    <link>http://tools.ietf.org/html/rfc5652</link>
  </reference>
  <reference name="RFC 5869">
    <title>HMAC-based Extract-and-Expand Key Derivation Function (HKDF)</title>
    <author>H. Krawczyk, and P. Eronen</author>
    <link>http://tools.ietf.org/html/rfc5869</link>
  </reference>

  <reference name="Ring-LWE Encryption">
    <title>Efficient Software Implementation of Ring-LWE Encryption</title>
    <author>Ruan de Clercq, Sujoy Sinha Roy, Frederik Vercauteren, and Ingrid Verbauwhede</author>
    <link>https://eprint.iacr.org/2014/725.pdf</link>
  </reference>
  <reference name="Ring-LWE Cryptoprocessor">
    <title>Compact Ring-LWE Cryptoprocessor</title>
    <author>Sujoy Sinha Roy, Frederik Vercauteren, Nele Mentens, Donald Donglong Chen, and Ingrid Verbauwhede</author>
    <link>http://www.cosic.esat.kuleuven.be/publications/article-2444.pdf</link>
  </reference>
  <reference name="RLWE Scheme">
    <title>A Simple Provably Secure Key Exchange Scheme Based on the Learning with Errors Problem</title>
    <author>Jintai Ding, Xiang Xie, and Xiaodong Lin</author>
    <link>http://eprint.iacr.org/2012/688.pdf</link>
  </reference>
  <reference name="RLWE DDG Trees">
    <title>RLWE DDG Trees</title>
    <author>Not sure..</author>
    <link>http://www.sml.ee.upatras.gr/UploadedFiles/BOOK-D86/chapter_15_1.pdf</link>
  </reference>
  <reference name="Knuth-Yao Quadrangle-Inequality Speedup">
    <title>The Knuth-Yao Quadrangle-Inequality Speedup is a Consequence of Total-Monotonicity</title>
    <author>Wolfgang W. Bein, Mordecai J. Golin, Lawrence L. Larmore, and Yan Zhang</author>
    <link>http://www.egr.unlv.edu/~bein/pubs/knuthyaotalg.pdf</link>
  </reference>
  <reference name="RLWE Toolkit">
    <title>A Toolkit for Ring-LWE Cryptography</title>
    <author>Vadim Lyubashevsky, Chris Peikerty, and Oded Regev</author>
    <link>http://www.cc.gatech.edu/~cpeikert/pubs/toolkit.pdf</link>
  </reference>

  <reference name="Rijndael">
    <title>AES Proposal: Rijndael</title>
    <author>Joan Daemen, Vincent Rijmen</author>
    <link>http://csrc.nist.gov/archive/aes/rijndael/Rijndael-ammended.pdf</link>
  </reference>
  <reference name="RNGCryptoServiceProvider">
    <title>RNGCryptoServiceProvider</title>
    <author>Microsoft</author>
    <link>http://msdn.microsoft.com/en-us/library/system.security.cryptography.rngcryptoserviceprovider.aspx</link>
  </reference>
  <reference name="Salsa20">
    <title>eStream: Salsa20 Home page</title>
    <author>Daniel J. Bernstein</author>
    <link>http://www.ecrypt.eu.org/stream/salsa20pf.html</link>
  </reference>
  <reference name="Salsa20 Design">
    <title>Salsa20 Design</title>
    <author>Daniel J. Bernstein</author>
    <link>http://cr.yp.to/snuffle/design.pdf</link>
  </reference>
  <reference name="Salsa20 Security">
    <title>Salsa20 Security</title>
    <author>Daniel J. Bernstein</author>
    <link>http://cr.yp.to/snuffle/security.pdf</link>
  </reference>
  <reference name="Schnelle Multiplikation großer Zahlen">
    <title>Schnelle Multiplikation großer Zahlen</title>
    <author>Arnold Schönhage and Volker Strassen</author>
    <link>http://www.scribd.com/doc/68857222/Schnelle-Multiplikation-gro%C3%9Fer-Zahlen</link>
  </reference>
  <reference name="Security Bounds">
    <title>Security Bounds for the NIST Codebook-based Deterministic Random Bit Generator</title>
    <author>Matthew J. Campagna</author>
    <link>http://eprint.iacr.org/2006/379.pdf</link>
  </reference>
  <reference name="Serpent">
    <title>Serpent: A Proposal for the Advanced Encryption Standard</title>
    <author>Ross Anderson, Eli Biham, and Lars Knudsen</author>
    <link>http://www.cl.cam.ac.uk/~rja14/Papers/serpent.pdf</link>
  </reference>
  <reference name="SHA-3 Standardization">
    <title>Keccak and the SHA-3 Standardization</title>
    <author>National Institute of Standards and Technology (NIST)</author>
    <link>http://csrc.nist.gov/groups/ST/hash/sha-3/documents/Keccak-slides-at-NIST.pdf</link>
  </reference>
  <reference name="Skein">
    <title>The Skein Hash Function Family</title>
    <author>Niels Ferguson, Stefan Lucks, Bruce Schneier, Doug Whiting, Mihir Bellare, Tadayoshi Kohno, Jon Callas, and Jesse Walker</author>
    <link>http://www.skein-hash.info/sites/default/files/skein1.1.pdf</link>
  </reference>
  <reference name="SP800-22A">
    <title>A Statistical Test Suite for Random and Pseudorandom Number Generators for Cryptographic Applications</title>
    <author>National Institute of Standards and Technology (NIST)</author>
    <link>http://csrc.nist.gov/groups/ST/toolkit/rng/documents/SP800-22rev1a.pdf</link>
  </reference>
  <reference name="SP800-38A">
    <title>Recommendation for Block Cipher Modes of Operation</title>
    <author>National Institute of Standards and Technology (NIST)</author>
    <link>http://csrc.nist.gov/publications/nistpubs/800-38a/sp800-38a.pdf</link>
  </reference>
  <reference name="SP800-38B">
    <title>Recommendation for Block Cipher Modes of Operation: The CMAC Mode for Authentication</title>
    <author>National Institute of Standards and Technology (NIST)</author>
    <link>http://csrc.nist.gov/publications/nistpubs/800-38B/SP_800-38B.pdf</link>
  </reference>
  <reference name="SP800-88R1">
    <title>Guidelines for Media Sanitization</title>
    <author>National Institute of Standards and Technology (NIST)</author>
    <link>http://nvlpubs.nist.gov/nistpubs/SpecialPublications/NIST.SP.800-88r1.pdf</link>
  </reference>
  <reference name="SP800-90A">
    <title>Recommendation for the Entropy Sources Used for Random Bit Generation</title>
    <author>National Institute of Standards and Technology (NIST)</author>
    <link>http://nvlpubs.nist.gov/nistpubs/SpecialPublications/NIST.SP.800-90Ar1.pdf</link>
  </reference>
  <reference name="SP800-90B">
    <title>Recommendation for the Entropy Sources Used for Random Bit Generation</title>
    <author>National Institute of Standards and Technology (NIST)</author>
    <link>http://csrc.nist.gov/publications/drafts/800-90/draft-sp800-90b.pdf</link>
  </reference>
  <reference name="TestU01">
    <title>TestU01: A Software Library in ANSI C for Empirical Testing of Random Number Generators</title>
    <author>Pierre L'Ecuyer and Richard Simard</author>
    <link>http://www.iro.umontreal.ca/~simardr/testu01/guideshorttestu01.pdf</link>
  </reference>
  <reference name="Twofish">
    <title>Twofish: A 128-Bit Block Cipher</title>
    <author>Bruce Schneier, John Kelsey, Doug Whiting, David Wagner, Chris Hall, and Niels Ferguson</author>
    <link>https://www.schneier.com/paper-twofish-paper.pdf</link>
  </reference>
  <reference name="VMPC">
    <title>VMPC One-Way Function and Stream Cipher</title>
    <author>Bartosz Zoltak</author>
    <link>http://www.okna.wroc.pl/vmpc.pdf</link>
  </reference>
  <reference name="VMPC-MAC">
    <title>VMPC-MAC: A Stream Cipher Based Authenticated Encryption Scheme</title>
    <author>Bartosz Zoltak</author>
    <link>http://www.vmpcfunction.com/vmpc_mac.pdf</link>
  </reference>
  <reference name="Xorshift RNGs">
    <title>Xorshift RNGs: Description of a class of simple, extremely fast random number generators</title>
    <author>George Marsaglia</author>
    <link>http://www.jstatsoft.org/v08/i14/paper</link>
  </reference>
</bibliography>
