﻿<?xml version="1.0" encoding="utf-8"?>
<bibliography>
  <reference name="Blake">
    <title>SHA-3 proposal BLAKE</title>
    <author>Jean-Philippe Aumasson, Luca Henzen, Willi Meier, and Raphael C.-W. Phan</author>
    <link>https://131002.net/blake/blake.pdf</link>
  </reference>
  <reference name="Blum-Blum-Shub">
    <title>Cryptographic Secure Pseudo-Random Bits Generation : The Blum-Blum-Shub Generator</title>
    <author>Pascal Junod</author>
    <link>http://crypto.junod.info/bbs.pdf</link>
  </reference>
  <reference name="ChaCha">
    <title>ChaCha, a variant of Salsa20</title>
    <author>Daniel J. Bernstein</author>
    <link>http://cr.yp.to/chacha/chacha-20080128.pdf</link>
  </reference>
  <reference name="Fips 140-2">
    <title>Security Requirements for Cryptographic Modules</title>
    <author>National Institute of Standards and Technology (NIST)</author>
    <link>http://csrc.nist.gov/publications/fips/fips140-2/fips1402.pdf</link>
  </reference>
  <reference name="Fips 180-4">
    <title>Secure Hash Standard (SHS)</title>
    <author>National Institute of Standards and Technology (NIST)</author>
    <link>http://csrc.nist.gov/publications/fips/fips180-4/fips-180-4.pdf</link>
  </reference>
  <reference name="Fips 197">
    <title>Advanced Encryption Standard (AES)</title>
    <author>National Institute of Standards and Technology (NIST)</author>
    <link>http://csrc.nist.gov/publications/fips/fips197/fips-197.pdf</link>
  </reference>
  <reference name="Fips 198-1">
    <title>The Keyed-Hash Message Authentication Code (HMAC)</title>
    <author>National Institute of Standards and Technology (NIST)</author>
    <link>http://csrc.nist.gov/archive/aes/rijndael/Rijndael-ammended.pdf</link>
  </reference>
  <reference name="Handbook of Applied Cryptography">
    <title>Handbook of Applied Cryptography</title>
    <author>Alfred J. Menezes, Paul C. van Oorschot and Scott A. Vanstone</author>
    <link>http://cacr.uwaterloo.ca/hac/</link>
  </reference>
  <reference name="Keccak">
    <title>The Keccak SHA-3 submission</title>
    <author>Guido Bertoni, Joan Daemen, Michaël Peeters, and Gilles Van Assche</author>
    <link>http://keccak.noekeon.org/Keccak-submission-3.pdf</link>
  </reference>
  <reference name="NIST IR7896">
    <title>Third-Round Report of the SHA-3 Cryptographic Hash Algorithm Competition</title>
    <author>National Institute of Standards and Technology (NIST)</author>
    <link>http://nvlpubs.nist.gov/nistpubs/ir/2012/NIST.IR.7896.pdf</link>
  </reference>
  <reference name="RFC 2104">
    <title>HMAC: Keyed-Hashing for Message Authentication</title>
    <author>H. Krawczyk, M. Bellare, and R. Canetti</author>
    <link>http://tools.ietf.org/html/rfc2104</link>
  </reference>
  <reference name="RFC 4086">
    <title>Randomness Requirements for Security</title>
    <author>D. Eastlake, J. Schiller, and S. Crocker</author>
    <link>http://www.ietf.org/rfc/rfc4086.txt</link>
  </reference>
  <reference name="RFC 4493">
    <title>The AES-CMAC Algorithm</title>
    <author>JH. Song, R. Poovendran, J. Lee, and T. Iwata</author>
    <link>http://tools.ietf.org/html/rfc4493</link>
  </reference>
  <reference name="RFC 4494">
    <title>The AES-CMAC-96 Algorithm and Its Use with IPsec</title>
    <author>JH. Song, R. Poovendran, and J. Lee</author>
    <link>http://tools.ietf.org/html/rfc4494</link>
  </reference>
  <reference name="RFC 4615">
    <title>The Advanced Encryption Standard for the Internet Key Exchange Protocol (IKE)</title>
    <author>JH. Song, R. Poovendran, J. Lee, and T. Iwata</author>
    <link>http://tools.ietf.org/html/rfc4615</link>
  </reference>
  <reference name="RFC 5652">
    <title>Cryptographic Message Syntax (CMS)</title>
    <author>R. Housley</author>
    <link>http://tools.ietf.org/html/rfc5652</link>
  </reference>
  <reference name="RFC 5869">
    <title>HMAC-based Extract-and-Expand Key Derivation Function (HKDF)</title>
    <author>H. Krawczyk, and P. Eronen</author>
    <link>http://tools.ietf.org/html/rfc5869</link>
  </reference>
  <reference name="Rijndael">
    <title>AES Proposal: Rijndael</title>
    <author>Joan Daemen, Vincent Rijmen</author>
    <link>http://csrc.nist.gov/archive/aes/rijndael/Rijndael-ammended.pdf</link>
  </reference>
  <reference name="RNGCryptoServiceProvider">
    <title>RNGCryptoServiceProvider</title>
    <author>Microsoft</author>
    <link>http://msdn.microsoft.com/en-us/library/system.security.cryptography.rngcryptoserviceprovider.aspx</link>
  </reference>
  <reference name="Salsa20">
    <title>eStream: Salsa20 Home page</title>
    <author>Daniel J. Bernstein</author>
    <link>http://www.ecrypt.eu.org/stream/salsa20pf.html</link>
  </reference>
  <reference name="Salsa20 Design">
    <title>Salsa20 Design</title>
    <author>Daniel J. Bernstein</author>
    <link>http://cr.yp.to/snuffle/design.pdf</link>
  </reference>
  <reference name="Salsa20 Security">
    <title>Salsa20 Security</title>
    <author>Daniel J. Bernstein</author>
    <link>http://cr.yp.to/snuffle/security.pdf</link>
  </reference>
  <reference name="Security Bounds">
    <title>Security Bounds for the NIST Codebook-based Deterministic Random Bit Generator</title>
    <author>Matthew J. Campagna</author>
    <link>http://eprint.iacr.org/2006/379.pdf</link>
  </reference>
  <reference name="Serpent">
    <title>Serpent: A Proposal for the Advanced Encryption Standard</title>
    <author>Ross Anderson, Eli Biham, and Lars Knudsen</author>
    <link>http://www.cl.cam.ac.uk/~rja14/Papers/serpent.pdf</link>
  </reference>
  <reference name="SHA-3 Standardization">
    <title>Keccak and the SHA-3 Standardization</title>
    <author>National Institute of Standards and Technology (NIST)</author>
    <link>http://csrc.nist.gov/groups/ST/hash/sha-3/documents/Keccak-slides-at-NIST.pdf</link>
  </reference>
  <reference name="Skein">
    <title>The Skein Hash Function Family</title>
    <author>Niels Ferguson, Stefan Lucks, Bruce Schneier, Doug Whiting, Mihir Bellare, Tadayoshi Kohno, Jon Callas, and Jesse Walker</author>
    <link>http://www.skein-hash.info/sites/default/files/skein1.1.pdf</link>
  </reference>
  <reference name="SP800-22A">
    <title>A Statistical Test Suite for Random and Pseudorandom Number Generators for Cryptographic Applications</title>
    <author>National Institute of Standards and Technology (NIST)</author>
    <link>http://csrc.nist.gov/groups/ST/toolkit/rng/documents/SP800-22rev1a.pdf</link>
  </reference>
  <reference name="SP800-38A">
    <title>Recommendation for Block Cipher Modes of Operation</title>
    <author>National Institute of Standards and Technology (NIST)</author>
    <link>http://csrc.nist.gov/publications/nistpubs/800-38a/sp800-38a.pdf</link>
  </reference>
  <reference name="SP800-38B">
    <title>Recommendation for Block Cipher Modes of Operation: The CMAC Mode for Authentication</title>
    <author>National Institute of Standards and Technology (NIST)</author>
    <link>http://csrc.nist.gov/publications/nistpubs/800-38B/SP_800-38B.pdf</link>
  </reference>
  <reference name="SP800-88R1">
    <title>Guidelines for Media Sanitization</title>
    <author>National Institute of Standards and Technology (NIST)</author>
    <link>http://nvlpubs.nist.gov/nistpubs/SpecialPublications/NIST.SP.800-88r1.pdf</link>
  </reference>
  <reference name="SP800-90A">
    <title>Recommendation for the Entropy Sources Used for Random Bit Generation</title>
    <author>National Institute of Standards and Technology (NIST)</author>
    <link>http://csrc.nist.gov/publications/nistpubs/800-90A/SP800-90A.pdf</link>
  </reference>
  <reference name="SP800-90B">
    <title>Recommendation for the Entropy Sources Used for Random Bit Generation</title>
    <author>National Institute of Standards and Technology (NIST)</author>
    <link>http://csrc.nist.gov/publications/drafts/800-90/draft-sp800-90b.pdf</link>
  </reference>
  <reference name="Twofish">
    <title>Twofish: A 128-Bit Block Cipher</title>
    <author>Bruce Schneier, John Kelsey, Doug Whiting, David Wagner, Chris Hall, and Niels Ferguson</author>
    <link>https://www.schneier.com/paper-twofish-paper.pdf</link>
  </reference>
  <reference name="VMPC">
    <title>VMPC One-Way Function and Stream Cipher</title>
    <author>Bartosz Zoltak</author>
    <link>http://www.okna.wroc.pl/vmpc.pdf</link>
  </reference>
  <reference name="VMPC-MAC">
    <title>VMPC-MAC: A Stream Cipher Based Authenticated Encryption Scheme</title>
    <author>Bartosz Zoltak</author>
    <link>http://www.vmpcfunction.com/vmpc_mac.pdf</link>
  </reference>
</bibliography>
